model,accuracy,precision,recall,f1_score,roc_auc,pr_auc
Logistic Regression,0.94788,0.3392795289227572,0.9542133463224549,0.5005749329244922,0.9899090339701824,0.8501760707202957
Random Forest,0.9997733333333333,0.995136186770428,0.9965903555772041,0.9958627403261134,0.9995982176598587,0.997682603783907
Gradient Boosting,0.99984,0.9980478282088824,0.9961032635168047,0.9970745977571916,0.9997472626086595,0.9975113866090158
